Workbook

Sheet PANDUAN
A1: PANDUAN PENGISIAN DATA — FLEET MAINTENANCE PLANNER (REGION KALIMANTAN)
A3: Template ini KHUSUS untuk REGION KALIMANTAN.
A4: Sheet 'DATA UNIT' SUDAH TERISI OTOMATIS dari data Register Kendaraan resmi PT NAJ (133 unit).
A5: TIDAK PERLU mengetik ulang data unit — kolom hijau adalah data yang sudah benar dari sumber resmi.
A7: TUGAS ADMIN SEKARANG:
A9: 1. Cek sheet 'DATA UNIT' — kalau ada unit di region ini yang TERLEWAT (belum ada di daftar),
A10: boleh ditambahkan manual di baris kosong paling bawah, isi Site/Plat/Tipe/Kategori/Customer.
A12: 2. Buka sheet 'SETUP AWAL ITEM' — kolom 'Plat Nomor' dan 'Nama Item' SUDAH OTOMATIS TERISI
A13: (jangan diketik manual, jangan diubah).
A14: Isi kolom kuning 'Kapan Terakhir Diganti' (tanggal) untuk tiap item, per unit.
A15: Kolom 'KM Saat Diganti' BOLEH DIKOSONGKAN kalau tidak ada catatan pastinya.
A16: Kalau item BELUM PERNAH diganti sejak unit ini dipakai, KOSONGKAN kedua kolom kuning itu.
... A26: - JANGAN mengubah urutan baris di sheet 'SETUP AWAL ITEM'.

Sheet _ItemList
A1: PM Check / Reguler Services
A2: Service A
A3: Service B
A4: Brake Pad
A5: Brake Shoe
A6: Accu
A7: Kampas Kopling Set
A8: Wiper Blade
A9: Ban Depan
A10: Ban Belakang
A11: Ban Serep
A12: Greasing
... A20: Flushing Rem

Sheet DATA UNIT
A1: Site | B1: Plat Nomor | C1: Tipe/Merk Unit | D1: Kategori Kendaraan | E1: Customer | F1: Plat Lama (jika ada)
A2: BPN | B2: B 2444 UIL | C2: Toyota Kijang Innova Zenix 2,0G CVT | D2: pickup_suv | E2: PT. KMSI | F2: KT 1077 WK
A3: BPN | B3: B 2533 UIY | C3: Toyota Kijang Innova Zenix 2,0G CVT | D3: pickup_suv | E3: PT. KMSI | F3: KT 1148 WI
A4: BPN | B4: KT 8404 YR | C4: Toyota All New Hilux 2,4G DC 4X4 M | D4: pickup_suv | E4: PT. UT
A5: BPN | B5: KT 8620 YR | C5: Toyota All New Hilux 2,4G DC 4X4 M | D5: pickup_suv | E5: PT. UT
A6: BPN | B6: KT 8619 YR | C6: Toyota All New Hilux 2,4G DC 4X4 M | D6: pickup_suv | E6: PT. UT
A7: BPN | B7: KT 8621 YR | C7: Toyota All New Hilux 2,4G DC 4X4 M | D7: pickup_suv | E7: PT. UT
A8: BPN | B8: KT 8932 ZA | C8: Toyota All New Hilux 2,4G DC 4X4 M | D8: pickup_suv | E8: PT. UT
A9: BPN | B9: KT 8942 ZE | C9: Toyota All New Hilux 2,4G DC 4X4 M | D9: pickup_suv | E9: PT. UT
A10: BPN | B10: KT 1538 HC | C10: Daihatsu New Terios 1,5 R A | D10: pickup_suv | E10: PT. UT | F10: KT 1120 YR
A11: BPN | B11: KT 8926 ZK | C11: Toyota Hilux Rangga Pick Up 2,0 STD M | D11: pickup_suv | E11: PT. UT | F11: KT 8485 XB
A12: BPN | B12: KT 7233 K | C12: Isuzu NQR 71 EC E2-1 5,0 Bus | D12: bus | E12: PT. KRA
A13: BPN | B13: KT 7236 K | C13: Isuzu NQR 71 EC E2-1 5,0 Bus | D13: bus | E13: PT. KRA
A14: BPN | B14: KT 8870 YP | C14: Daihatsu Gran Max PU AC PS 1,5 FH EA | D14: pickup_suv | E14: PT. TRIATRA
A15: SANGA SANGA | B15: KT 8714 YK | C15: Toyota All New Hilux 2,4 G DC 4X4 M | D15: pickup_suv | E15: PT. TRIATRA
A16: JAKARTA | B16: B 1493 EOG | C16: Toyota Kijang Innova 2,0E A | D16: pickup_suv | E16: PT. INTERNUSA JAYARAYA ABADI
A17: JAKARTA | B17: B 2317 UKL | C17: Toyota Grand New Avanza 1,3 G M | D17: pickup_suv | E17: PT. INTERNUSA JAYARAYA ABADI
A18: JAKARTA | B18: B 2229 UOK | C18: Toyota All New Innova 2,0 G A | D18: pickup_suv | E18: PT. INTERNUSA JAYARAYA ABADI
A19: JAKARTA | B19: B 1695 EOS | C19: Toyota All New Innova 2.0 G A | D19: pickup_suv | E19: PT. INTERNUSA JAYARAYA ABADI
A20: JAKARTA | B20: B 1984 EJA | C20: Toyota Fortuner 2,7V Automatic TCN51 | D20: pickup_suv | E20: PT. INTERNUSA JAYARAYA ABADI
A21: JAKARTA | B21: B 1327 EOH | C21: Toyota Grand New Avanza 1.3 G M | D21: pickup_suv | E21: PT. NAJR
A22: SANGA SANGA | B22: KT 7564 KA | C22: Isuzu NLR 55B LX Mikrobus 2,771 (20 Seat + AC) | D22: bus | E22: PT. TRIATRA | F22: KT 7524 K
A23: SANGATTA | B23: KT 8154 YH | C23: Toyota All New Hilux 2,4E DC 4X4 M | D23: pickup_suv | E23: PT. NAJR | F23: KT 8507 NR
A24: BPN | B24: KT 8836 YQ | C24: Toyota All New Hilux 2,4 G DC 4X4 M | D24: pickup_suv | E24: PT. NAJR
A25: LOREH | B25: KT 1619 YI | C25: Toyota All New Fortuner 2,4 VRZ 4X4 A | D25: pickup_suv | E25: PT. UT
A26: LOREH | B26: KT 8526 YT | C26: Toyota All New Hilux 2,393 CC G DC 4X4 M | D26: pickup_suv | E26: PT. UT
A27: LOREH | B27: KT 8527 YT | C27: Toyota All New Hilux 2,393 CC G DC 4X4 M | D27: pickup_suv | E27: PT. UT
A28: LOREH | B28: KT 8039 YV | C28: Toyota All New Hilux 2,393 CC G DC 4X4 M | D28: pickup_suv | E28: PT. UT
A29: LOREH | B29: KT 8041 YV | C29: Toyota All New Hilux 2,393 CC G DC 4X4 M | D29: pickup_suv | E29: PT. UT
A30: LOREH | B30: KT 8042 YV | C30: Toyota All New Hilux 2,393 CC G DC 4X4 M | D30: pickup_suv | E30: PT. UT
A31: LOREH | B31: KT 8322 YV | C31: Toyota All New Hilux 2,393 CC SC 4X4 M | D31: pickup_suv | E31: PT. UT
A32: LOREH | B32: B 2468 UZT | C32: Toyota All New Innova Reborn 2,4 G M | D32: pickup_suv | E32: PT. UT
A33: LOREH | B33: KT 8417 YS | C33: Mitsubishi All New Triton 2,442 GLS DC 4X4 M | D33: pickup_suv | E33: PT. NAJR - GS
A34: LOREH | B34: KT 8036 YV | C34: Toyota All New Hilux 2,393 G DC 4X4 M | D34: pickup_suv | E34: PT. NAJR - GS
A35: MUARA LAWA | B35: KT 8475 YZ | C35: Toyota All New Hilux 2,393 CC G DC 4X4 M | D35: pickup_suv | E35: PT. UT - Damai /
... A41: MUARA LAWA | B41: KT 8307 ZF | C41: Toyota All New Hilux SC 2,4 4X4 M | D41: pickup_suv | E41: PT. UT - Damai /
A42: MUARA LAWA | B42: B 2213 UYO | C42: Toyota Innova Reborn 2,4G M | D42: pickup_suv | E42: PT. UT - Damai / | F42: B 1045 BCF
A43: MUARA LAWA | B43: DD 8468 UY | C43: Toyota All New Hilux 2,4G DC 4X4 M | D43: pickup_suv | E43: PT. UT - Damai / | F43: DD 1407 XX
A44: MUARA LAWA | B44: DD 8467 UY | C44: Toyota All New Hilux 2,4G DC 4X4 M | D44: pickup_suv | E44: PT. UT - Damai / | F44: DD 1781 XX
A45: MUARA LAWA | B45: KT 8471 ZH | C45: Toyota All New Hilux 2,4G DC 4X4 M | D45: pickup_suv | E45: PT. UT - Damai / | F45: KT 8367 WE
A46: MUARA LAWA | B46: KT 8306 ZH | C46: Mitsubishi All New Triton 2,4 GLS DC 4X4 M | D46: pickup_suv | E46: PT. UT - Damai /
A47: MUARA LAWA | B47: KT 8307 ZH | C47: Mitsubishi All New Triton 2,4 GLS DC 4X4 M | D47: pickup_suv | E47: PT. UT - Damai /
A48: MUARA LAWA | B48: KT 8472 ZH | C48: Toyota All New Hilux 2,4G DC 4X4 M | D48: pickup_suv | E48: PT. UT - Damai /
A49: MUARA LAWA | B49: KT 8473 ZH | C49: Toyota All New Hilux 2,4G DC 4X4 M | D49: pickup_suv | E49: PT. UT - Damai /
A50: MUARA LAWA | B50: KT 8834 ZH | C50: Toyota All New Hilux 2,4G DC 4X4 M | D50: pickup_suv | E50: PT. UT - Damai /
A51: MUARA LAWA | B51: KT 8832 ZH | C51: Toyota All New Hilux 2,4G DC 4X4 M | D51: pickup_suv | E51: PT. UT - Damai /
A52: MUARA LAWA | B52: B 2898 UYP | C52: Toyota Innova Reborn 2,4G M | D52: pickup_suv | E52: PT. UT - Damai / | F52: B 1699 LKJ
A53: MUARA LAWA | B53: KT 7398 KA | C53: Mitsubishi Canter FE 71L 3,907 CC BC N 4X2 M | D53: truk_ringan | E53: PT. UT - Damai /
A54: MUARA LAWA | B54: KT 7401 KA | C54: Mitsubishi Canter FE 71L 3,907 CC BC N 4X2 M | D54: truk_ringan | E54: PT. UT - Damai /
A55: MUARA LAWA | B55: KT 8492 ZI | C55: Toyota All New Hilux 2,4G DC 4X4 M | D55: pickup_suv | E55: PT. UT - Damai /
A56: MUARA LAWA | B56: KT 8918 ZL | C56: Toyota All New Hilux 2,4G DC 4X4 M | D56: pickup_suv | E56: PT. UT - Damai /
A57: MUARA LAWA | B57: KT 8622 ZN | C57: Toyota All New Hilux 2,4G DC 4X4 M | D57: pickup_suv | E57: PT. UT - Damai /
A58: MUARA LAWA | B58: KT 8832 YQ | C58: Toyota All New Hilux 2,4 G DC 4X4 M | D58: pickup_suv | E58: PT. UT - Damai /
A59: MUARA LAWA | B59: KT 8943 ZE | C59: Toyota All New Hilux 2,398 CC G DC 4X4 M | D59: pickup_suv | E59: PT. TRIATRA
A60: MUARA LAWA | B60: KT 8167 ZA | C60: Toyota All New Hilux 2,393 CC E DC 4X4 M | D60: pickup_suv | E60: PT. NAJR
A61: MUARA LAWA | B61: DW 8328 AN | C61: Mahindra Scorpio Pikup DC E11 WD 4X4 M | D61: pickup_suv | E61: PT. NAJR
A62: MUARA LAWA | B62: KT 8166 ZA | C62: Toyota All New Hilux 2,393 CC E DC 4X4 M | D62: pickup_suv | E62: PT. NAJR
A63: MUARA LAWA | B63: KT 8165 ZA | C63: Toyota All New Hilux 2,398 CC G DC 4X4 M | D63: pickup_suv | E63: PT. NAJR
A64: MUARA LAWA | B64: KT 8923 YY | C64: Toyota All New Hilux DC 2,393 CC G 4X4 M | D64: pickup_suv | E64: PT. NAJR
A65: MUARA LAWA | B65: KT 8401 ZA | C65: Toyota Hilux Pick Up 2.393 SC 4X4 M | D65: pickup_suv | E65: PT. NAJR | F65: KT 8041 ZA
A66: TENGGARONG | B66: KT 8665 YS | C66: Mitsubishi All New Triton 2,4L GLS DC 4X4 M | D66: pickup_suv | E66: PT. NAJR
A67: SMD | B67: KT 8137 YW | C67: Toyota All New Hilux 2,393 CC G DC 4X4 M | D67: pickup_suv | E67: PT. UT
A68: SMD | B68: KT 8138 YW | C68: Toyota All New Hilux 2,393 CC G DC 4X4 M | D68: pickup_suv | E68: PT. UT
A69: SMD | B69: KT 8328 YW | C69: Toyota All New Hilux 2,393 CC G DC 4X4 M | D69: pickup_suv | E69: PT. UT
A70: SMD | B70: KT 8329 YW | C70: Toyota All New Hilux 2,393 CC G DC 4X4 M | D70: pickup_suv | E70: PT. UT
A71: SMD | B71: KT 8785 YW | C71: Toyota All New Hilux 2,393 CC G DC 4X4 M | D71: pickup_suv | E71: PT. UT
A72: SMD | B72: KT 8622 YY | C72: Toyota All New Hilux 2,393 CC G DC 4X4 M | D72: pickup_suv | E72: PT. UT
A73: SMD | B73: KT 8701 YY | C73: Toyota All New Hilux 2,393 CC G DC 4X4 M | D73: pickup_suv | E73: PT. UT
A74: SMD | B74: KT 8697 YY | C74: Toyota All New Hilux 2,393 CC G DC 4X4 M | D74: pickup_suv | E74: PT. UT
A75: SMD | B75: KT 8696 YY | C75: Toyota All New Hilux 2,393 CC G DC 4X4 M | D75: pickup_suv | E75: PT. UT
A76: SMD | B76: KT 8075 YZ | C76: Toyota All New Hilux 2,393 CC G DC 4X4 M | D76: pickup_suv | E76: PT. UT
A77: SMD | B77: KT 8162 ZA | C77: Toyota All New Hilux 2,393 CC G DC 4X4 M | D77: pickup_suv | E77: PT. UT
... A86: SMD | B86: KT 8524 ZJ | C86: Toyota All New Hilux 2,4G DC 4X4 M | D86: pickup_suv | E86: PT. AKR Corporindo
A87: SMD | B87: KT 8523 ZJ | C87: Toyota All New Hilux 2,4G DC 4X4 M | D87: pickup_suv | E87: PT. AKR T. I | F87: KT 8214 UZ
A88: SMD | B88: B 2411 UFY | C88: Toyota All New Avanza 1,5 Veloz M | D88: pickup_suv | E88: PT. BERKARYA
A89: SMD | B89: KT 8038 YV | C89: Toyota All New Hilux 2,4 G DC 4X4 M | D89: pickup_suv | E89: PT. TAMBANG
A90: SMD | B90: KT 8926 YZ | C90: Mahindra Scorpio Pikup DC E11 WD 2,2 4X4 M | D90: pickup_suv | E90: PT. NAJR
A91: SMD | B91: KT 8693 YS | C91: Toyota All New Hilux 2,4 E DC 4X4 M | D91: pickup_suv | E91: PT. NAJR
A92: SMD | B92: KT 8834 YQ | C92: Toyota All New Hilux 2,4G DC 4X4 M | D92: pickup_suv | E92: PT. NAJR
A93: TJ. REDEB | B93: DA 1550 OA | C93: Toyota All New Fortuner 2,4 VRZ 4X4 A | D93: pickup_suv | E93: PT. UT
A94: TJ. REDEB | B94: KT 8479 YZ | C94: Toyota All New Hilux 2,393 CC G DC 4X4 M | D94: pickup_suv | E94: PT. UT
A95: TARAKAN | B95: KT 8493 ZI | C95: Toyota All New Hilux 2,4G DC 4X4 M | D95: pickup_suv | E95: PT. UT
A96: TABANG | B96: KT 1492 YY | C96: Toyota All New Innova 2,4G M | D96: pickup_suv | E96: PT. TRIATRA
A97: SMD | B97: KT 8621 YY | C97: Toyota All New Hilux 2,393 CC G DC 4X4 M | D97: pickup_suv | E97: PT. UT
A98: TABANG | B98: KT 8817 YS | C98: Toyota All New Hilux 2,393 G DC 4X4 M | D98: pickup_suv | E98: PT. NAJR
A99: SANGA SANGA | B99: KT 8323 YV | C99: Toyota All New Hilux SC 2,393 CC 4X4 M | D99: pickup_suv | E99: PT. UT
... A115: LOA KULU | B115: KT 8252 ZN | C115: Mitsubishi All New Triton 2,4L HDX DC 4X4 M | D115: pickup_suv | E115: PT. BSS - MHU
A116: LOA KULU | B116: KT 8036 ZO | C116: Toyota All New Hilux 2,4G DC 4X4 M | D116: pickup_suv | E116: PT. BSS - MHU | F116: KT 8152 XB
A117: LOA KULU | B117: KT 8037 ZO | C117: Toyota All New Hilux 2,4G DC 4X4 M | D117: pickup_suv | E117: PT. BSS - MHU | F117: KT 8350 XB
A118: LOA KULU | B118: KT 8079 ZO | C118: Toyota All New Hilux 2,4G DC 4X4 M | D118: pickup_suv | E118: PT. BSS - MHU
A119: LOA KULU | B119: KT 8082 ZO | C119: Toyota All New Hilux 2,4G DC 4X4 M | D119: pickup_suv | E119: PT. BSS - MHU
A120: LOA KULU | B120: KT 8192 ZO | C120: Mitsubishi All New Triton 2,5L SC HDX-L 4X4 M | D120: pickup_suv | E120: PT. BSS - MHU
A121: LOA KULU | B121: KT 8994 YS | C121: Toyota All New Hilux 2,4 G DC 4X4 M | D121: pickup_suv | E121: PT. BSS - MHU
A122: LOA KULU | B122: KT 8136 YW | C122: Toyota All New Hilux 2,393 CC G DC 4X4 M | D122: pickup_suv | E122: PT. BSS - MHU
A123: TABANG | B123: KT 1862 YJ | C123: Mitsubishi All New Pajero Sport 2,4L Dakar Ultimate 4X4 A | D123: pickup_suv | E123: PT. BSS
A124: LOA KULU | B124: KT 8176 YS | C124: Toyota All New Hilux DC 2,393 CC E 4X4 M | D124: pickup_suv | E124: PT. NAJR - GS BSS
A125: ADARO | B125: DA 7376 HG | C125: Mitsubishi Canter FE 84G 3908 CC BC 4X2 M | D125: truk_ringan | E125: PT. UT
A126: ADARO | B126: DA 7378 HG | C126: Mitsubishi Canter FE 84G 3908 CC BC 4X2 M | D126: truk_ringan | E126: PT. UT
A127: BPN | B127: KT 8763 LQ | C127: Daihatsu Gran Max PU 1,5 AC PS | D127: pickup_suv | E127: PT. NAJR | F127: KT 8958 LP
A128: BPN | B128: B 1153 EKX | C128: Toyota New Avanza Veloz 1,5 M | D128: pickup_suv | E128: PT. NAJR
...

Sheet SETUP AWAL ITEM
A1: Plat Nomor (otomatis) | B1: Nama Item (otomatis) | C1: Kapan Terakhir Diganti (Tanggal) | D1: KM Saat Diganti (opsional)
A2: =IF('DATA UNIT'!$B2="","",'DATA UNIT'!$B2) -> B 2444 UIL | B2: =IF($A2="","",INDEX(PlanningItemsList,1)) -> PM Check / Reguler Services
A3: =IF('DATA UNIT'!$B2="","",'DATA UNIT'!$B2) -> B 2444 UIL | B3: =IF($A3="","",INDEX(PlanningItemsList,2)) -> Service A
A4: =IF('DATA UNIT'!$B2="","",'DATA UNIT'!$B2) -> B 2444 UIL | B4: =IF($A4="","",INDEX(PlanningItemsList,3)) -> Service B
A5: =IF('DATA UNIT'!$B2="","",'DATA UNIT'!$B2) -> B 2444 UIL | B5: =IF($A5="","",INDEX(PlanningItemsList,4)) -> Brake Pad
A6: =IF('DATA UNIT'!$B2="","",'DATA UNIT'!$B2) -> B 2444 UIL | B6: =IF($A6="","",INDEX(PlanningItemsList,5)) -> Brake Shoe
A7: =IF('DATA UNIT'!$B2="","",'DATA UNIT'!$B2) -> B 2444 UIL | B7: =IF($A7="","",INDEX(PlanningItemsList,6)) -> Accu
A8: =IF('DATA UNIT'!$B2="","",'DATA UNIT'!$B2) -> B 2444 UIL | B8: =IF($A8="","",INDEX(PlanningItemsList,7)) -> Kampas Kopling Set
A9: =IF('DATA UNIT'!$B2="","",'DATA UNIT'!$B2) -> B 2444 UIL | B9: =IF($A9="","",INDEX(PlanningItemsList,8)) -> Wiper Blade
A10: =IF('DATA UNIT'!$B2="","",'DATA UNIT'!$B2) -> B 2444 UIL | B10: =IF($A10="","",INDEX(PlanningItemsList,9)) -> Ban Depan
A11: =IF('DATA UNIT'!$B2="","",'DATA UNIT'!$B2) -> B 2444 UIL | B11: =IF($A11="","",INDEX(PlanningItemsList,10)) -> Ban Belakang
A12: =IF('DATA UNIT'!$B2="","",'DATA UNIT'!$B2) -> B 2444 UIL | B12: =IF($A12="","",INDEX(PlanningItemsList,11)) -> Ban Serep
A13: =IF('DATA UNIT'!$B2="","",'DATA UNIT'!$B2) -> B 2444 UIL | B13: =IF($A13="","",INDEX(PlanningItemsList,12)) -> Greasing
A14: =IF('DATA UNIT'!$B2="","",'DATA UNIT'!$B2) -> B 2444 UIL | B14: =IF($A14="","",INDEX(PlanningItemsList,13)) -> V-Belt
A15: =IF('DATA UNIT'!$B2="","",'DATA UNIT'!$B2) -> B 2444 UIL | B15: =IF($A15="","",INDEX(PlanningItemsList,14)) -> Sarung Jok
A16: =IF('DATA UNIT'!$B2="","",'DATA UNIT'!$B2) -> B 2444 UIL | B16: =IF($A16="","",INDEX(PlanningItemsList,15)) -> Karpet Karet
A17: =IF('DATA UNIT'!$B2="","",'DATA UNIT'!$B2) -> B 2444 UIL | B17: =IF($A17="","",INDEX(PlanningItemsList,16)) -> Karpet Dasar
A18: =IF('DATA UNIT'!$B2="","",'DATA UNIT'!$B2) -> B 2444 UIL | B18: =IF($A18="","",INDEX(PlanningItemsList,17)) -> Flushing Radiator
A19: =IF('DATA UNIT'!$B2="","",'DATA UNIT'!$B2) -> B 2444 UIL | B19: =IF($A19="","",INDEX(PlanningItemsList,18)) -> Flushing Steering
A20: =IF('DATA UNIT'!$B2="","",'DATA UNIT'!$B2) -> B 2444 UIL | B20: =IF($A20="","",INDEX(PlanningItemsList,19)) -> Flushing Injector
A21: =IF('DATA UNIT'!$B2="","",'DATA UNIT'!$B2) -> B 2444 UIL | B21: =IF($A21="","",INDEX(PlanningItemsList,20)) -> Flushing Rem
A22: =IF('DATA UNIT'!$B3="","",'DATA UNIT'!$B3) -> B 2533 UIY | B22: =IF($A22="","",INDEX(PlanningItemsList,1)) -> PM Check / Reguler Services
A23: =IF('DATA UNIT'!$B3="","",'DATA UNIT'!$B3) -> B 2533 UIY | B23: =IF($A23="","",INDEX(PlanningItemsList,2)) -> Service A
A24: =IF('DATA UNIT'!$B3="","",'DATA UNIT'!$B3) -> B 2533 UIY | B24: =IF($A24="","",INDEX(PlanningItemsList,3)) -> Service B
A25: =IF('DATA UNIT'!$B3="","",'DATA UNIT'!$B3) -> B 2533 UIY | B25: =IF($A25="","",INDEX(PlanningItemsList,4)) -> Brake Pad
A26: =IF('DATA UNIT'!$B3="","",'DATA UNIT'!$B3) -> B 2533 UIY | B26: =IF($A26="","",INDEX(PlanningItemsList,5)) -> Brake Shoe
A27: =IF('DATA UNIT'!$B3="","",'DATA UNIT'!$B3) -> B 2533 UIY | B27: =IF($A27="","",INDEX(PlanningItemsList,6)) -> Accu
A28: =IF('DATA UNIT'!$B3="","",'DATA UNIT'!$B3) -> B 2533 UIY | B28: =IF($A28="","",INDEX(PlanningItemsList,7)) -> Kampas Kopling Set
A29: =IF('DATA UNIT'!$B3="","",'DATA UNIT'!$B3) -> B 2533 UIY | B29: =IF($A29="","",INDEX(PlanningItemsList,8)) -> Wiper Blade
A30: =IF('DATA UNIT'!$B3="","",'DATA UNIT'!$B3) -> B 2533 UIY | B30: =IF($A30="","",INDEX(PlanningItemsList,9)) -> Ban Depan
A31: =IF('DATA UNIT'!$B3="","",'DATA UNIT'!$B3) -> B 2533 UIY | B31: =IF($A31="","",INDEX(PlanningItemsList,10)) -> Ban Belakang
A32: =IF('DATA UNIT'!$B3="","",'DATA UNIT'!$B3) -> B 2533 UIY | B32: =IF($A32="","",INDEX(PlanningItemsList,11)) -> Ban Serep
A33: =IF('DATA UNIT'!$B3="","",'DATA UNIT'!$B3) -> B 2533 UIY | B33: =IF($A33="","",INDEX(PlanningItemsList,12)) -> Greasing
A34: =IF('DATA UNIT'!$B3="","",'DATA UNIT'!$B3) -> B 2533 UIY | B34: =IF($A34="","",INDEX(PlanningItemsList,13)) -> V-Belt
A35: =IF('DATA UNIT'!$B3="","",'DATA UNIT'!$B3) -> B 2533 UIY | B35: =IF($A35="","",INDEX(PlanningItemsList,14)) -> Sarung Jok
A36: =IF('DATA UNIT'!$B3="","",'DATA UNIT'!$B3) -> B 2533 UIY | B36: =IF($A36="","",INDEX(PlanningItemsList,15)) -> Karpet Karet
A37: =IF('DATA UNIT'!$B3="","",'DATA UNIT'!$B3) -> B 2533 UIY | B37: =IF($A37="","",INDEX(PlanningItemsList,16)) -> Karpet Dasar
A38: =IF('DATA UNIT'!$B3="","",'DATA UNIT'!$B3) -> B 2533 UIY | B38: =IF($A38="","",INDEX(PlanningItemsList,17)) -> Flushing Radiator
A39: =IF('DATA UNIT'!$B3="","",'DATA UNIT'!$B3) -> B 2533 UIY | B39: =IF($A39="","",INDEX(PlanningItemsList,18)) -> Flushing Steering
A40: =IF('DATA UNIT'!$B3="","",'DATA UNIT'!$B3) -> B 2533 UIY | B40: =IF($A40="","",INDEX(PlanningItemsList,19)) -> Flushing Injector
A41: =IF('DATA UNIT'!$B3="","",'DATA UNIT'!$B3) -> B 2533 UIY | B41: =IF($A41="","",INDEX(PlanningItemsList,20)) -> Flushing Rem
A42: =IF('DATA UNIT'!$B4="","",'DATA UNIT'!$B4) -> KT 8404 YR | B42: =IF($A42="","",INDEX(PlanningItemsList,1)) -> PM Check / Reguler Services
A43: =IF('DATA UNIT'!$B4="","",'DATA UNIT'!$B4) -> KT 8404 YR | B43: =IF($A43="","",INDEX(PlanningItemsList,2)) -> Service A
A44: =IF('DATA UNIT'!$B4="","",'DATA UNIT'!$B4) -> KT 8404 YR | B44: =IF($A44="","",INDEX(PlanningItemsList,3)) -> Service B
A45: =IF('DATA UNIT'!$B4="","",'DATA UNIT'!$B4) -> KT 8404 YR | B45: =IF($A45="","",INDEX(PlanningItemsList,4)) -> Brake Pad
A46: =IF('DATA UNIT'!$B4="","",'DATA UNIT'!$B4) -> KT 8404 YR | B46: =IF($A46="","",INDEX(PlanningItemsList,5)) -> Brake Shoe
A47: =IF('DATA UNIT'!$B4="","",'DATA UNIT'!$B4) -> KT 8404 YR | B47: =IF($A47="","",INDEX(PlanningItemsList,6)) -> Accu
A48: =IF('DATA UNIT'!$B4="","",'DATA UNIT'!$B4) -> KT 8404 YR | B48: =IF($A48="","",INDEX(PlanningItemsList,7)) -> Kampas Kopling Set
A49: =IF('DATA UNIT'!$B4="","",'DATA UNIT'!$B4) -> KT 8404 YR | B49: =IF($A49="","",INDEX(PlanningItemsList,8)) -> Wiper Blade
A50: =IF('DATA UNIT'!$B4="","",'DATA UNIT'!$B4) -> KT 8404 YR | B50: =IF($A50="","",INDEX(PlanningItemsList,9)) -> Ban Depan
A51: =IF('DATA UNIT'!$B4="","",'DATA UNIT'!$B4) -> KT 8404 YR | B51: =IF($A51="","",INDEX(PlanningItemsList,10)) -> Ban Belakang
A52: =IF('DATA UNIT'!$B4="","",'DATA UNIT'!$B4) -> KT 8404 YR | B52: =IF($A52="","",INDEX(PlanningItemsList,11)) -> Ban Serep
A53: =IF('DATA UNIT'!$B4="","",'DATA UNIT'!$B4) -> KT 8404 YR | B53: =IF($A53="","",INDEX(PlanningItemsList,12)) -> Greasing
A54: =IF('DATA UNIT'!$B4="","",'DATA UNIT'!$B4) -> KT 8404 YR | B54: =IF($A54="","",INDEX(PlanningItemsList,13)) -> V-Belt
A55: =IF('DATA UNIT'!$B4="","",'DATA UNIT'!$B4) -> KT 8404 YR | B55: =IF($A55="","",INDEX(PlanningItemsList,14)) -> Sarung Jok
A56: =IF('DATA UNIT'!$B4="","",'DATA UNIT'!$B4) -> KT 8404 YR | B56: =IF($A56="","",INDEX(PlanningItemsList,15)) -> Karpet Karet
A57: =IF('DATA UNIT'!$B4="","",'DATA UNIT'!$B4) -> KT 8404 YR | B57: =IF($A57="","",INDEX(PlanningItemsList,16)) -> Karpet Dasar
A58: =IF('DATA UNIT'!$B4="","",'DATA UNIT'!$B4) -> KT 8404 YR | B58: =IF($A58="","",INDEX(PlanningItemsList,17)) -> Flushing Radiator
A59: =IF('DATA UNIT'!$B4="","",'DATA UNIT'!$B4) -> KT 8404 YR | B59: =IF($A59="","",INDEX(PlanningItemsList,18)) -> Flushing Steering
A60: =IF('DATA UNIT'!$B4="","",'DATA UNIT'!$B4) -> KT 8404 YR | B60: =IF($A60="","",INDEX(PlanningItemsList,19)) -> Flushing Injector
A61: =IF('DATA UNIT'!$B4="","",'DATA UNIT'!$B4) -> KT 8404 YR | B61: =IF($A61="","",INDEX(PlanningItemsList,20)) -> Flushing Rem
A62: =IF('DATA UNIT'!$B5="","",'DATA UNIT'!$B5) -> KT 8620 YR | B62: =IF($A62="","",INDEX(PlanningItemsList,1)) -> PM Check / Reguler Services
A63: =IF('DATA UNIT'!$B5="","",'DATA UNIT'!$B5) -> KT 8620 YR | B63: =IF($A63="","",INDEX(PlanningItemsList,2)) -> Service A
A64: =IF('DATA UNIT'!$B5="","",'DATA UNIT'!$B5) -> KT 8620 YR | B64: =IF($A64="","",INDEX(PlanningItemsList,3)) -> Service B
A65: =IF('DATA UNIT'!$B5="","",'DATA UNIT'!$B5) -> KT 8620 YR | B65: =IF($A65="","",INDEX(PlanningItemsList,4)) -> Brake Pad
A66: =IF('DATA UNIT'!$B5="","",'DATA UNIT'!$B5) -> KT 8620 YR | B66: =IF($A66="","",INDEX(PlanningItemsList,5)) -> Brake Shoe
A67: =IF('DATA UNIT'!$B5="","",'DATA UNIT'!$B5) -> KT 8620 YR | B67: =IF($A67="","",INDEX(PlanningItemsList,6)) -> Accu
A68: =IF('DATA UNIT'!$B5="","",'DATA UNIT'!$B5) -> KT 8620 YR | B68: =IF($A68="","",INDEX(PlanningItemsList,7)) -> Kampas Kopling Set
A69: =IF('DATA UNIT'!$B5="","",'DATA UNIT'!$B5) -> KT 8620 YR | B69: =IF($A69="","",INDEX(PlanningItemsList,8)) -> Wiper Blade
A70: =IF('DATA UNIT'!$B5="","",'DATA UNIT'!$B5) -> KT 8620 YR | B70: =IF($A70="","",INDEX(PlanningItemsList,9)) -> Ban Depan
A71: =IF('DATA UNIT'!$B5="","",'DATA UNIT'!$B5) -> KT 8620 YR | B71: =IF($A71="","",INDEX(PlanningItemsList,10)) -> Ban Belakang
A72: =IF('DATA UNIT'!$B5="","",'DATA UNIT'!$B5) -> KT 8620 YR | B72: =IF($A72="","",INDEX(PlanningItemsList,11)) -> Ban Serep
A73: =IF('DATA UNIT'!$B5="","",'DATA UNIT'!$B5) -> KT 8620 YR | B73: =IF($A73="","",INDEX(PlanningItemsList,12)) -> Greasing
A74: =IF('DATA UNIT'!$B5="","",'DATA UNIT'!$B5) -> KT 8620 YR | B74: =IF($A74="","",INDEX(PlanningItemsList,13)) -> V-Belt
A75: =IF('DATA UNIT'!$B5="","",'DATA UNIT'!$B5) -> KT 8620 YR | B75: =IF($A75="","",INDEX(PlanningItemsList,14)) -> Sarung Jok
A76: =IF('DATA UNIT'!$B5="","",'DATA UNIT'!$B5) -> KT 8620 YR | B76: =IF($A76="","",INDEX(PlanningItemsList,15)) -> Karpet Karet
A77: =IF('DATA UNIT'!$B5="","",'DATA UNIT'!$B5) -> KT 8620 YR | B77: =IF($A77="","",INDEX(PlanningItemsList,16)) -> Karpet Dasar
A78: =IF('DATA UNIT'!$B5="","",'DATA UNIT'!$B5) -> KT 8620 YR | B78: =IF($A78="","",INDEX(PlanningItemsList,17)) -> Flushing Radiator
A79: =IF('DATA UNIT'!$B5="","",'DATA UNIT'!$B5) -> KT 8620 YR | B79: =IF($A79="","",INDEX(PlanningItemsList,18)) -> Flushing Steering
A80: =IF('DATA UNIT'!$B5="","",'DATA UNIT'!$B5) -> KT 8620 YR | B80: =IF($A80="","",INDEX(PlanningItemsList,19)) -> Flushing Injector
A81: =IF('DATA UNIT'!$B5="","",'DATA UNIT'!$B5) -> KT 8620 YR | B81: =IF($A81="","",INDEX(PlanningItemsList,20)) -> Flushing Rem
A82: =IF('DATA UNIT'!$B6="","",'DATA UNIT'!$B6) -> KT 8619 YR | B82: =IF($A82="","",INDEX(PlanningItemsList,1)) -> PM Check / Reguler Services
A83: =IF('DATA UNIT'!$B6="","",'DATA UNIT'!$B6) -> KT 8619 YR | B83: =IF($A83="","",INDEX(PlanningItemsList,2)) -> Service A
A84: =IF('DATA UNIT'!$B6="","",'DATA UNIT'!$B6) -> KT 8619 YR | B84: =IF($A84="","",INDEX(PlanningItemsList,3)) -> Service B
A85: =IF('DATA UNIT'!$B6="","",'DATA UNIT'!$B6) -> KT 8619 YR | B85: =IF($A85="","",INDEX(PlanningItemsList,4)) -> Brake Pad
A86: =IF('DATA UNIT'!$B6="","",'DATA UNIT'!$B6) -> KT 8619 YR | B86: =IF($A86="","",INDEX(PlanningItemsList,5)) -> Brake Shoe
A87: =IF('DATA UNIT'!$B6="","",'DATA UNIT'!$B6) -> KT 8619 YR | B87: =IF($A87="","",INDEX(PlanningItemsList,6)) -> Accu
A88: =IF('DATA UNIT'!$B6="","",'DATA UNIT'!$B6) -> KT 8619 YR | B88: =IF($A88="","",INDEX(PlanningItemsList,7)) -> Kampas Kopling Set
A89: =IF('DATA UNIT'!$B6="","",'DATA UNIT'!$B6) -> KT 8619 YR | B89: =IF($A89="","",INDEX(PlanningItemsList,8)) -> Wiper Blade
A90: =IF('DATA UNIT'!$B6="","",'DATA UNIT'!$B6) -> KT 8619 YR | B90: =IF($A90="","",INDEX(PlanningItemsList,9)) -> Ban Depan
A91: =IF('DATA UNIT'!$B6="","",'DATA UNIT'!$B6) -> KT 8619 YR | B91: =IF($A91="","",INDEX(PlanningItemsList,10)) -> Ban Belakang
A92: =IF('DATA UNIT'!$B6="","",'DATA UNIT'!$B6) -> KT 8619 YR | B92: =IF($A92="","",INDEX(PlanningItemsList,11)) -> Ban Serep
A93: =IF('DATA UNIT'!$B6="","",'DATA UNIT'!$B6) -> KT 8619 YR | B93: =IF($A93="","",INDEX(PlanningItemsList,12)) -> Greasing
A94: =IF('DATA UNIT'!$B6="","",'DATA UNIT'!$B6) -> KT 8619 YR | B94: =IF($A94="","",INDEX(PlanningItemsList,13)) -> V-Belt
A95: =IF('DATA UNIT'!$B6="","",'DATA UNIT'!$B6) -> KT 8619 YR | B95: =IF($A95="","",INDEX(PlanningItemsList,14)) -> Sarung Jok
A96: =IF('DATA UNIT'!$B6="","",'DATA UNIT'!$B6) -> KT 8619 YR | B96: =IF($A96="","",INDEX(PlanningItemsList,15)) -> Karpet Karet
A97: =IF('DATA UNIT'!$B6="","",'DATA UNIT'!$B6) -> KT 8619 YR | B97: =IF($A97="","",INDEX(PlanningItemsList,16)) -> Karpet Dasar
A98: =IF('DATA UNIT'!$B6="","",'DATA UNIT'!$B6) -> KT 8619 YR | B98: =IF($A98="","",INDEX(PlanningItemsList,17)) -> Flushing Radiator
A99: =IF('DATA UNIT'!$B6="","",'DATA UNIT'!$B6) -> KT 8619 YR | B99: =IF($A99="","",INDEX(PlanningItemsList,18)) -> Flushing Steering
A100: =IF('DATA UNIT'!$B6="","",'DATA UNIT'!$B6) -> KT 8619 YR | B100: =IF($A100="","",INDEX(PlanningItemsList,19)) -> Flushing Injector
...
